{
    "LinearRegression": {
        "train_mse": 155.78091974893084,
        "test_mse": 291.9823168048164,
        "train_mae": 8.462678407651872,
        "test_mae": 10.300754278795281,
        "train_r2": 0.5574326696664348,
        "test_r2": 0.15152902179065295,
        "coefficients": [
            [
                -2.387890364390833,
                2.476290255252554,
                2.289096644566025,
                5.88648481414359,
                3.5853013920982897,
                3.7999150927270415
            ],
            [
                1.7859172287225906,
                -0.8901898611940244,
                -0.08266591234395282,
                2.8713464651717433,
                1.9623491732049927,
                2.34282039675449
            ],
            [
                3.2302273433874378,
                3.398397913382026,
                4.814582270161232,
                1.1944187486277569,
                0.30461898539777854,
                1.8177400225769471
            ],
            [
                18.2116320630569,
                -13.863396118776052,
                9.556447890181506,
                -5.170586987745625,
                0.9098867400844144,
                -20.517766189898914
            ],
            [
                6.720051404490611,
                -5.332554975709304,
                8.80394761696741,
                -0.7270187001110822,
                3.938277447615197,
                -11.186170779666073
            ]
        ],
        "predictions_file": "LinearRegression_predictions.csv"
    },
    "KNeighborsRegressor": {
        "train_mse": 135.4391088888889,
        "test_mse": 190.64357,
        "train_mae": 7.874111111111111,
        "test_mae": 8.5085,
        "train_r2": 0.5973457678986789,
        "test_r2": 0.39414555679520136,
        "coefficients": null,
        "predictions_file": "KNeighborsRegressor_predictions.csv"
    },
    "DecisionTreeRegressor": {
        "train_mse": 1.2555555555555555,
        "test_mse": 230.14375000000004,
        "train_mae": 0.2777777777777778,
        "test_mae": 8.5625,
        "train_r2": 0.9836747215794448,
        "test_r2": 0.30781273654928626,
        "coefficients": null,
        "predictions_file": "DecisionTreeRegressor_predictions.csv"
    },
    "MultiOutputRegressor": {
        "train_mse": 5125.675811848347,
        "test_mse": 5321.702033470558,
        "train_mae": 56.42748270707834,
        "test_mae": 58.83046329603815,
        "train_r2": -16.777013864476302,
        "test_r2": -44.51624560445863,
        "coefficients": null,
        "predictions_file": "MultiOutputRegressor_predictions.csv"
    },
    "XGBRegressor": {
        "train_mse": 1.2555562128674322,
        "test_mse": 247.44831671646048,
        "train_mae": 0.27830098046196855,
        "test_mae": 9.512325782775878,
        "train_r2": 0.9836747158065812,
        "test_r2": 0.09001934565535671,
        "coefficients": null,
        "predictions_file": "XGBRegressor_predictions.csv"
    }
}