{
    "LinearRegression": {
        "train_score": 0.48423034544446314,
        "test_score": 0.5275147025178606,
        "coefficients": [
            [
                0.11409514404456096,
                -0.4013963944589935,
                -0.4454968853572892,
                0.561727095716715
            ],
            [
                0.2480314787634189,
                -0.35969899826986174,
                -0.5461866115834058,
                0.359738914105647
            ],
            [
                0.6367431875825872,
                0.4096623648376794,
                0.27464164309126793,
                0.29008548576499465
            ],
            [
                0.27961932080514457,
                0.21285249349385071,
                -0.6596959083902705,
                -0.7436387963625506
            ]
        ]
    },
    "KNeighborsRegressor": {
        "train_score": 0.34966052475471665,
        "test_score": 0.38938277433466806,
        "coefficients": null
    },
    "DecisionTreeRegressor": {
        "train_score": 0.021010530599233093,
        "test_score": 1.1281375641055942,
        "coefficients": null
    },
    "MultiOutputRegressor": {
        "train_score": 0.5316455636350643,
        "test_score": 0.5059322383394925,
        "coefficients": null
    }
}