{
    "LinearRegression": {
        "train_mse": 0.4687639813516501,
        "test_mse": 0.446273987146513,
        "train_mae": 0.5460577334144638,
        "test_mae": 0.5220506052292386,
        "coefficients": [
            [
                -0.22199137953279743,
                0.3665412649843558,
                0.2673931533159233,
                0.7208104733676552,
                0.520519599181672,
                0.49717953983102203
            ],
            [
                0.1571033948226626,
                0.05294040819736606,
                0.07047416622299185,
                0.38700861122506625,
                0.3318176550490057,
                0.36254949682642384
            ],
            [
                0.39589683125920583,
                0.457449117594786,
                0.5862277809213553,
                0.17055208498664853,
                -0.05322270709612039,
                0.34091048083408626
            ],
            [
                0.3356657156771568,
                -0.443114063550575,
                0.4322069201165043,
                0.06508669979547224,
                0.09407214459985469,
                -0.7342586881760241
            ],
            [
                0.12294347235571451,
                -0.13954125395536077,
                0.4938237812312607,
                0.15468622670983284,
                0.35231964827564627,
                -0.4964143746447585
            ]
        ]
    },
    "KNeighborsRegressor": {
        "train_mse": 0.375169444629094,
        "test_mse": 0.3572178437814562,
        "train_mae": 0.46055445757742824,
        "test_mae": 0.48332126343587306,
        "coefficients": null
    },
    "DecisionTreeRegressor": {
        "train_mse": 0.016808424479386474,
        "test_mse": 0.8497497339279331,
        "train_mae": 0.031487252312152714,
        "test_mae": 0.7348069725389227,
        "coefficients": null
    },
    "MultiOutputRegressor": {
        "train_mse": 0.561092116559357,
        "test_mse": 0.5367921857941541,
        "train_mae": 0.5083991748432605,
        "test_mae": 0.536718965309308,
        "coefficients": null
    }
}