{
    "LinearRegression": {
        "train_mse": 0.48423034544446314,
        "test_mse": 0.5275147025178606,
        "train_mae": 0.5666330985610888,
        "test_mae": 0.5723065545951225,
        "coefficients": [
            [
                0.11409514404456096,
                -0.4013963944589935,
                -0.4454968853572892,
                0.561727095716715
            ],
            [
                0.2480314787634189,
                -0.35969899826986174,
                -0.5461866115834058,
                0.359738914105647
            ],
            [
                0.6367431875825872,
                0.4096623648376794,
                0.27464164309126793,
                0.29008548576499465
            ],
            [
                0.27961932080514457,
                0.21285249349385071,
                -0.6596959083902705,
                -0.7436387963625506
            ]
        ]
    },
    "KNeighborsRegressor": {
        "train_mse": 0.34966052475471665,
        "test_mse": 0.38938277433466806,
        "train_mae": 0.46452711984055284,
        "test_mae": 0.4833394316261487,
        "coefficients": null
    },
    "DecisionTreeRegressor": {
        "train_mse": 0.021010530599233093,
        "test_mse": 1.1294055831230931,
        "train_mae": 0.03935906539019089,
        "test_mae": 0.7651069720555892,
        "coefficients": null
    },
    "MultiOutputRegressor": {
        "train_mse": 0.5315605089701412,
        "test_mse": 0.5061604743987083,
        "train_mae": 0.5558880808539856,
        "test_mae": 0.5828214854697621,
        "coefficients": null
    }
}