{
    "LinearRegression": {
        "train_score": 0.4322118612796704,
        "test_score": 0.5498004832999522,
        "coefficients": [
            [
                -0.009708621062287051,
                -0.38362038987768365,
                -0.4841400460782843,
                0.5032892881715221
            ],
            [
                0.20413683140257757,
                -0.3350402926472723,
                -0.5177159122860571,
                0.3935177567623338
            ],
            [
                0.628531537514977,
                0.4545571767618048,
                0.22192180174165144,
                0.28817495706184354
            ],
            [
                0.3667204531993371,
                0.09498211222746455,
                -0.6053313550631314,
                -0.5915003864873715
            ]
        ]
    },
    "KNeighborsRegressor": {
        "train_score": 0.34408457725368663,
        "test_score": 0.30788927260403554,
        "coefficients": null
    },
    "DecisionTreeRegressor": {
        "train_score": 0.0030214388644847793,
        "test_score": 0.6426400863743305,
        "coefficients": null
    },
    "MultiOutputRegressor": {
        "train_score": 0.4772650216990806,
        "test_score": 0.5482226640844735,
        "coefficients": null
    }
}