{
    "LinearRegression": {
        "train_mse": 0.026805662696450905,
        "test_mse": 1.161961070957288,
        "train_mae": 0.12015513126183106,
        "test_mae": 0.8548799635513221,
        "train_r2": 0.9615943058132294,
        "test_r2": -0.13477966473488084,
        "coefficients": [
            [
                -0.2937000752476416,
                0.8471345547281988,
                0.19236414656167358,
                0.8778440360203996,
                0.6959908859544391,
                1.081440091501488
            ],
            [
                -0.2865075688366056,
                0.607300322692885,
                0.7516287295379787,
                0.15147561016151703,
                0.1371868588073055,
                1.2817789592055184
            ],
            [
                -0.08007026718487302,
                0.6923362997202556,
                0.9812757049694846,
                0.4634629832565499,
                0.19218221511667322,
                0.1275591155137932
            ],
            [
                -0.4659284710232224,
                -0.5893225618805858,
                0.4342398624747373,
                0.10128335742083677,
                0.4198622372360451,
                -0.8350526021718737
            ],
            [
                -1.2594982217460118,
                0.48719531956336304,
                1.2399213746044502,
                0.6930432351248389,
                1.4097251093510086,
                -0.6310760193067442
            ]
        ]
    },
    "KNeighborsRegressor": {
        "train_mse": 0.6606131958225414,
        "test_mse": 0.9542081259930978,
        "train_mae": 0.6471518535169917,
        "test_mae": 0.7664301380782333,
        "train_r2": 0.13275863174572045,
        "test_r2": 0.08374485409430947,
        "coefficients": null
    },
    "DecisionTreeRegressor": {
        "train_mse": 0.0,
        "test_mse": 0.9772349548367473,
        "train_mae": 0.0,
        "test_mae": 0.7531786107356073,
        "train_r2": 1.0,
        "test_r2": 0.04427520242782963,
        "coefficients": null
    },
    "MultiOutputRegressor": {
        "train_mse": 0.07278512861451439,
        "test_mse": 1.04171481865808,
        "train_mae": 0.11523974134839073,
        "test_mae": 0.8025103431022526,
        "train_r2": 0.9033870663588031,
        "test_r2": -0.01904394483742835,
        "coefficients": null
    }
}