{
    "LinearRegression": {
        "train_mse": 9.650561207958551,
        "test_mse": 9.254253793068424,
        "train_mae": 1.6269285357726,
        "test_mae": 1.6745237301436595,
        "train_r2": 0.35921355366021546,
        "test_r2": 0.3871104325601142,
        "coefficients": [
            [
                22.125130786619128,
                13.424058875583695,
                28.26644006530287,
                24.314960569707136
            ],
            [
                -31.932897175025982,
                -42.38912518087201,
                7.680860545378332,
                -23.86494503265662
            ],
            [
                0.5586620853293123,
                0.510931062101304,
                0.33480917388167597,
                0.5184830769094451
            ],
            [
                -1.9903561221422126,
                -2.127800541434468,
                -2.061057279478521,
                -2.0554405081166713
            ]
        ],
        "predictions_file": "LinearRegression_predictions.csv"
    },
    "KNeighborsRegressor": {
        "train_mse": 9.602424318888893,
        "test_mse": 8.803078797500003,
        "train_mae": 1.5624027777777776,
        "test_mae": 1.6089375,
        "train_r2": 0.45158680787398275,
        "test_r2": 0.3695426102129613,
        "coefficients": null,
        "predictions_file": "KNeighborsRegressor_predictions.csv"
    },
    "DecisionTreeRegressor": {
        "train_mse": 1.7591994201388887,
        "test_mse": 12.032552705078125,
        "train_mae": 0.3722673611111111,
        "test_mae": 1.8286796875000002,
        "train_r2": 0.9242527764365872,
        "test_r2": 0.3669149805799603,
        "coefficients": null,
        "predictions_file": "DecisionTreeRegressor_predictions.csv"
    },
    "MultiOutputRegressor": {
        "train_mse": 68.49035915327852,
        "test_mse": 115.49852275953712,
        "train_mae": 4.1621302706188015,
        "test_mae": 5.539821271617769,
        "train_r2": -0.6055979881234452,
        "test_r2": -0.8437936836206608,
        "coefficients": null,
        "predictions_file": "MultiOutputRegressor_predictions.csv"
    },
    "XGBRegressor": {
        "train_mse": 1.7592004268457113,
        "test_mse": 7.6783760166029165,
        "train_mae": 0.37288157693975754,
        "test_mae": 1.4630348682031036,
        "train_r2": 0.9241857337595519,
        "test_r2": 0.4736840748394124,
        "coefficients": null,
        "predictions_file": "XGBRegressor_predictions.csv"
    }
}