{
    "LinearRegression": {
        "train_mse": 9.65056120795855,
        "test_mse": 9.254253793068402,
        "train_mae": 1.6269285357726004,
        "test_mae": 1.6745237301436524,
        "train_r2": 0.35921355366021557,
        "test_r2": 0.38711043256012584,
        "coefficients": [
            [
                4.337621404637808,
                3.8938913341330657,
                3.3009932840207554,
                4.794213720904207
            ],
            [
                -6.260429356749852,
                -12.295733260188872,
                0.8969813325345957,
                -4.705483547718563
            ],
            [
                0.10952543705410257,
                0.1482048055282136,
                0.03909947032093507,
                0.10223001078901095
            ],
            [
                -0.39020837442807305,
                -0.6172070731992731,
                -0.24069307000889742,
                -0.4052739899891662
            ]
        ],
        "predictions_file": "LinearRegression_predictions.csv"
    },
    "KNeighborsRegressor": {
        "train_mse": 9.401794335555556,
        "test_mse": 9.01668229125,
        "train_mae": 1.5964055555555554,
        "test_mae": 1.6530062500000002,
        "train_r2": 0.45022659826389216,
        "test_r2": 0.3468426559589323,
        "coefficients": null,
        "predictions_file": "KNeighborsRegressor_predictions.csv"
    },
    "DecisionTreeRegressor": {
        "train_mse": 1.7591994201388887,
        "test_mse": 7.055163642578126,
        "train_mae": 0.3722673611111111,
        "test_mae": 1.4249921875,
        "train_r2": 0.9242527764365872,
        "test_r2": 0.4110820186312282,
        "coefficients": null,
        "predictions_file": "DecisionTreeRegressor_predictions.csv"
    },
    "MultiOutputRegressor": {
        "train_mse": 74.10461389312407,
        "test_mse": 109.54223961086728,
        "train_mae": 4.269959778856441,
        "test_mae": 4.995437015958837,
        "train_r2": -0.6006277323181437,
        "test_r2": -0.5199915900195243,
        "coefficients": null,
        "predictions_file": "MultiOutputRegressor_predictions.csv"
    },
    "XGBRegressor": {
        "train_mse": 1.7592004268457113,
        "test_mse": 9.022133956197992,
        "train_mae": 0.37288157693975754,
        "test_mae": 1.6110287913680077,
        "train_r2": 0.9241857337595519,
        "test_r2": 0.45366723622682387,
        "coefficients": null,
        "predictions_file": "XGBRegressor_predictions.csv"
    }
}