Ground Truth,Predictions
13.4,13.75
35.0,41.5
0.372,0.36924999999999997
0.392,0.41700000000000004
19.8,16.3
51.0,45.0
0.267,0.267
0.45,0.447
22.2,22.2
67.0,68.0
0.297,0.267
0.389,0.389
24.2,22.2
70.0,68.0
0.0,0.267
1.0,0.389
24.3,24.3
54.0,48.0
0.345,0.359
0.323,0.417
23.0,22.4
59.0,54.5
0.366,0.396
0.554,0.52
21.5,22.4
52.0,50.4
0.279,0.339
0.471,0.423
18.8,20.1
40.0,48.0
0.439,0.351
0.511,0.468
